{"cameraMode":{"drawMode":0,"name":"Shaded","section":"Shading Mode"},"sceneLighting":false,"audioPlay":false,"sceneViewState":{"m_AlwaysRefresh":false,"showFog":true,"showSkybox":false,"showFlares":true,"showImageEffects":true,"showParticleSystems":true,"showVisualEffectGraphs":true,"m_FxEnabled":true},"in2DMode":false,"pivot":{"x":0.262768417596817,"y":0.27313074469566347,"z":-0.6857630014419556},"rotation":{"x":-0.005033047869801521,"y":-0.9949643611907959,"z":0.0585668720304966,"w":-0.08194489777088165},"size":1.2865574359893799,"orthographic":false}