{"cameraMode":{"drawMode":0,"name":"Shaded","section":"Shading Mode"},"sceneLighting":false,"audioPlay":false,"sceneViewState":{"m_AlwaysRefresh":false,"showFog":true,"showSkybox":false,"showFlares":true,"showImageEffects":true,"showParticleSystems":true,"showVisualEffectGraphs":true,"m_FxEnabled":true},"in2DMode":false,"pivot":{"x":-0.020368408411741258,"y":0.5546655058860779,"z":0.012748628854751587},"rotation":{"x":-0.04667931795120239,"y":-0.03841134533286095,"z":0.0015663531376048923,"w":-0.9981794357299805},"size":1.207395076751709,"orthographic":false}