{"cameraMode":{"drawMode":0,"name":"Shaded","section":"Shading Mode"},"sceneLighting":false,"audioPlay":false,"sceneViewState":{"m_AlwaysRefresh":false,"showFog":true,"showSkybox":false,"showFlares":true,"showImageEffects":true,"showParticleSystems":true,"showVisualEffectGraphs":true,"m_FxEnabled":true},"in2DMode":false,"pivot":{"x":0.00009799003601074219,"y":0.5284919738769531,"z":0.004910238087177277},"rotation":{"x":0.00002528399090806488,"y":0.9999909400939941,"z":0.00011135407839901745,"w":-0.005438851658254862},"size":0.7753438949584961,"orthographic":false}