{"cameraMode":{"drawMode":0,"name":"Shaded","section":"Shading Mode"},"sceneLighting":false,"audioPlay":false,"sceneViewState":{"m_AlwaysRefresh":false,"showFog":true,"showSkybox":false,"showFlares":true,"showImageEffects":true,"showParticleSystems":true,"showVisualEffectGraphs":true,"m_FxEnabled":true},"in2DMode":false,"pivot":{"x":-0.04586353898048401,"y":0.5989885330200195,"z":-0.010776162147521973},"rotation":{"x":0.026365747675299646,"y":0.8971086144447327,"z":0.05398079380393028,"w":-0.4377179443836212},"size":0.8461938500404358,"orthographic":false}