{"cameraMode":{"drawMode":0,"name":"Shaded","section":"Shading Mode"},"sceneLighting":false,"audioPlay":false,"sceneViewState":{"m_AlwaysRefresh":false,"showFog":true,"showSkybox":false,"showFlares":true,"showImageEffects":true,"showParticleSystems":true,"showVisualEffectGraphs":true,"m_FxEnabled":true},"in2DMode":false,"pivot":{"x":-0.8571265935897827,"y":0.6625353097915649,"z":0.054457888007164},"rotation":{"x":0.026365747675299646,"y":0.8971086144447327,"z":0.05398079380393028,"w":-0.4377179443836212},"size":0.8003789186477661,"orthographic":false}