{"cameraMode":{"drawMode":0,"name":"Shaded","section":"Shading Mode"},"sceneLighting":false,"audioPlay":false,"sceneViewState":{"m_AlwaysRefresh":false,"showFog":true,"showSkybox":false,"showFlares":true,"showImageEffects":true,"showParticleSystems":true,"showVisualEffectGraphs":true,"m_FxEnabled":true},"in2DMode":false,"pivot":{"x":1.7979998588562012,"y":0.6737522482872009,"z":1.441999912261963},"rotation":{"x":-0.012314243242144585,"y":-0.008112240582704544,"z":-0.00009472980309510604,"w":-0.9999536871910095},"size":1.7689590454101563,"orthographic":false}